{
  "generated_at": "2026-01-26T06:56:19.513430",
  "symbols_tested": 191,
  "strategies": {
    "1pct": {
      "put_credit_spread": {
        "trades": 6008,
        "win_rate": 0.8500332889480693,
        "total_pnl": 106070.99999999999,
        "avg_pnl": 17.654960053262315
      },
      "iron_condor": {
        "trades": 11460,
        "win_rate": 0.6631762652705061,
        "total_pnl": -409096.0,
        "avg_pnl": -35.6977312390925,
        "put_breaches": 1977,
        "call_breaches": 1993
      }
    },
    "3pct": {
      "put_credit_spread": {
        "trades": 6008,
        "win_rate": 0.8423768308921438,
        "total_pnl": 37326.999999999985,
        "avg_pnl": 6.2128828229027935
      },
      "iron_condor": {
        "trades": 11460,
        "win_rate": 0.6398778359511343,
        "total_pnl": -657941.0,
        "avg_pnl": -57.41195462478185,
        "put_breaches": 2125,
        "call_breaches": 2107
      }
    },
    "5pct": {
      "put_credit_spread": {
        "trades": 6008,
        "win_rate": 0.8345539280958721,
        "total_pnl": -39369.00000000003,
        "avg_pnl": -6.552762982689752
      },
      "iron_condor": {
        "trades": 11460,
        "win_rate": 0.6178883071553228,
        "total_pnl": -898351.9999999999,
        "avg_pnl": -78.39022687609074,
        "put_breaches": 2270,
        "call_breaches": 2208
      }
    }
  }
}