{
  "generated_at": "2026-01-29T13:19:07.924430Z",
  "overall": {
    "count": 3896,
    "wins": 2593,
    "losses": 1303,
    "win_rate": 0.6655544147843943,
    "total_pnl": -95000.0,
    "avg_pnl": -24.38398357289528,
    "median_pnl": 42.5,
    "avg_win": 120.51137678364829,
    "avg_loss": -312.72908672294705,
    "max_drawdown": 145049.0,
    "sharpe": -0.30348119698022175
  },
  "by_strategy": {
    "PUT": {
      "count": 2108,
      "wins": 1263,
      "losses": 845,
      "win_rate": 0.599146110056926,
      "total_pnl": -120503.0,
      "avg_pnl": -57.1646110056926,
      "median_pnl": 27.0,
      "avg_win": 153.6547901821061,
      "avg_loss": -372.27100591715975,
      "max_drawdown": 165359.0,
      "sharpe": -0.5848358382495085
    },
    "CALL": {
      "count": 1788,
      "wins": 1330,
      "losses": 458,
      "win_rate": 0.743847874720358,
      "total_pnl": 25503.0,
      "avg_pnl": 14.263422818791947,
      "median_pnl": 51.0,
      "avg_win": 89.0375939849624,
      "avg_loss": -202.8755458515284,
      "max_drawdown": 36593.0,
      "sharpe": 0.2810250216385644
    }
  },
  "by_ticker": {
    "QQQ": {
      "count": 516,
      "wins": 332,
      "losses": 184,
      "win_rate": 0.6434108527131783,
      "total_pnl": -37042.0,
      "avg_pnl": -71.78682170542636,
      "median_pnl": 102.0,
      "avg_win": 185.01506024096386,
      "avg_loss": -535.1467391304348,
      "max_drawdown": 43283.0,
      "sharpe": -0.6252229659002531
    },
    "IWM": {
      "count": 452,
      "wins": 299,
      "losses": 153,
      "win_rate": 0.661504424778761,
      "total_pnl": -8451.0,
      "avg_pnl": -18.696902654867255,
      "median_pnl": 85.0,
      "avg_win": 126.87959866220736,
      "avg_loss": -303.18954248366015,
      "max_drawdown": 17870.0,
      "sharpe": -0.28257476131058906
    },
    "SPY": {
      "count": 616,
      "wins": 407,
      "losses": 209,
      "win_rate": 0.6607142857142857,
      "total_pnl": -42475.0,
      "avg_pnl": -68.95292207792208,
      "median_pnl": 135.5,
      "avg_win": 216.997542997543,
      "avg_loss": -625.8038277511962,
      "max_drawdown": 65261.0,
      "sharpe": -0.5361547665995299
    },
    "TLT": {
      "count": 408,
      "wins": 247,
      "losses": 161,
      "win_rate": 0.6053921568627451,
      "total_pnl": -11380.0,
      "avg_pnl": -27.892156862745097,
      "median_pnl": 43.5,
      "avg_win": 67.09716599190283,
      "avg_loss": -173.62111801242236,
      "max_drawdown": 14713.0,
      "sharpe": -0.7438778128528153
    },
    "XLF": {
      "count": 352,
      "wins": 214,
      "losses": 138,
      "win_rate": 0.6079545454545454,
      "total_pnl": -3260.0,
      "avg_pnl": -9.261363636363637,
      "median_pnl": 15.0,
      "avg_win": 22.757009345794394,
      "avg_loss": -58.91304347826087,
      "max_drawdown": 3524.0,
      "sharpe": -0.7216381958077744
    },
    "XLV": {
      "count": 136,
      "wins": 111,
      "losses": 25,
      "win_rate": 0.8161764705882353,
      "total_pnl": 6004.0,
      "avg_pnl": 44.14705882352941,
      "median_pnl": 76.0,
      "avg_win": 86.63963963963964,
      "avg_loss": -144.52,
      "max_drawdown": 1246.0,
      "sharpe": 1.5017487249543315
    },
    "DIA": {
      "count": 376,
      "wins": 254,
      "losses": 122,
      "win_rate": 0.675531914893617,
      "total_pnl": -3708.0,
      "avg_pnl": -9.861702127659575,
      "median_pnl": 134.0,
      "avg_win": 215.56692913385828,
      "avg_loss": -479.1967213114754,
      "max_drawdown": 15358.0,
      "sharpe": -0.09311072685606882
    },
    "HYG": {
      "count": 164,
      "wins": 85,
      "losses": 79,
      "win_rate": 0.5182926829268293,
      "total_pnl": -5365.0,
      "avg_pnl": -32.71341463414634,
      "median_pnl": 15.0,
      "avg_win": 52.10588235294118,
      "avg_loss": -123.9746835443038,
      "max_drawdown": 6602.0,
      "sharpe": -1.1569171759244186
    },
    "GLD": {
      "count": 376,
      "wins": 287,
      "losses": 89,
      "win_rate": 0.7632978723404256,
      "total_pnl": 6643.0,
      "avg_pnl": 17.66755319148936,
      "median_pnl": 78.0,
      "avg_win": 89.9616724738676,
      "avg_loss": -215.46067415730337,
      "max_drawdown": 4164.0,
      "sharpe": 0.43885657257370786
    },
    "SLV": {
      "count": 484,
      "wins": 345,
      "losses": 139,
      "win_rate": 0.7128099173553719,
      "total_pnl": 66.0,
      "avg_pnl": 0.13636363636363635,
      "median_pnl": 10.0,
      "avg_win": 13.518840579710146,
      "avg_loss": -33.07913669064748,
      "max_drawdown": 1282.0,
      "sharpe": 0.020036140667085197
    },
    "XLE": {
      "count": 16,
      "wins": 12,
      "losses": 4,
      "win_rate": 0.75,
      "total_pnl": 3968.0,
      "avg_pnl": 248.0,
      "median_pnl": 296.0,
      "avg_win": 340.0,
      "avg_loss": -28.0,
      "max_drawdown": 112.0,
      "sharpe": 4.323944733050448
    }
  },
  "by_combination": {
    "PUT_5pct_TP50_SL100": {
      "count": 292,
      "wins": 155,
      "losses": 137,
      "win_rate": 0.5308219178082192,
      "total_pnl": -14742.0,
      "avg_pnl": -50.486301369863014,
      "median_pnl": 10.5,
      "avg_win": 106.64516129032258,
      "avg_loss": -228.26277372262774,
      "max_drawdown": 18344.0,
      "sharpe": -0.7975043897190861
    },
    "PUT_5pct_TP75_SL100": {
      "count": 292,
      "wins": 132,
      "losses": 160,
      "win_rate": 0.4520547945205479,
      "total_pnl": -18819.0,
      "avg_pnl": -64.4486301369863,
      "median_pnl": -30.0,
      "avg_win": 138.3181818181818,
      "avg_loss": -231.73125,
      "max_drawdown": 23626.0,
      "sharpe": -0.9248538182650213
    },
    "CALL_5pct_TP50_SL100": {
      "count": 270,
      "wins": 186,
      "losses": 84,
      "win_rate": 0.6888888888888889,
      "total_pnl": 275.0,
      "avg_pnl": 1.0185185185185186,
      "median_pnl": 32.0,
      "avg_win": 67.73118279569893,
      "avg_loss": -146.70238095238096,
      "max_drawdown": 4254.0,
      "sharpe": 0.026839341240769563
    },
    "CALL_5pct_TP50_SL200": {
      "count": 270,
      "wins": 217,
      "losses": 53,
      "win_rate": 0.8037037037037037,
      "total_pnl": 3111.0,
      "avg_pnl": 11.522222222222222,
      "median_pnl": 44.5,
      "avg_win": 70.17972350230414,
      "avg_loss": -228.64150943396226,
      "max_drawdown": 6481.0,
      "sharpe": 0.24808187748998967
    },
    "CALL_5pct_TP75_SL100": {
      "count": 270,
      "wins": 176,
      "losses": 94,
      "win_rate": 0.6518518518518519,
      "total_pnl": 1337.0,
      "avg_pnl": 4.951851851851852,
      "median_pnl": 35.5,
      "avg_win": 85.83522727272727,
      "avg_loss": -146.48936170212767,
      "max_drawdown": 4534.0,
      "sharpe": 0.11892432786468665
    },
    "CALL_5pct_TP75_SL200": {
      "count": 270,
      "wins": 208,
      "losses": 62,
      "win_rate": 0.7703703703703704,
      "total_pnl": 5257.0,
      "avg_pnl": 19.47037037037037,
      "median_pnl": 58.0,
      "avg_win": 90.32692307692308,
      "avg_loss": -218.24193548387098,
      "max_drawdown": 7238.0,
      "sharpe": 0.3861349815201624
    },
    "PUT_5pct_TP50_SL200": {
      "count": 292,
      "wins": 195,
      "losses": 97,
      "win_rate": 0.6678082191780822,
      "total_pnl": -18997.0,
      "avg_pnl": -65.0582191780822,
      "median_pnl": 40.0,
      "avg_win": 106.0051282051282,
      "avg_loss": -408.9484536082474,
      "max_drawdown": 23752.0,
      "sharpe": -0.7452444255575155
    },
    "PUT_5pct_TP75_SL200": {
      "count": 292,
      "wins": 181,
      "losses": 111,
      "win_rate": 0.6198630136986302,
      "total_pnl": -19810.0,
      "avg_pnl": -67.84246575342466,
      "median_pnl": 25.5,
      "avg_win": 138.9281767955801,
      "avg_loss": -405.009009009009,
      "max_drawdown": 25716.0,
      "sharpe": -0.7159215200557194
    },
    "PUT_10pct_TP50_SL100": {
      "count": 235,
      "wins": 149,
      "losses": 86,
      "win_rate": 0.6340425531914894,