{
  "generated_at": "2026-01-29T22:14:03.304086Z",
  "overall": {
    "count": 7288,
    "wins": 5145,
    "losses": 2143,
    "win_rate": 0.7059549945115258,
    "total_pnl": -72698.0,
    "avg_pnl": -9.97502744237102,
    "median_pnl": 37.0,
    "avg_win": 109.49601554907677,
    "avg_loss": -296.80587960802615,
    "max_drawdown": 135701.0,
    "sharpe": -0.1298479145907034
  },
  "by_strategy": {
    "CALL": {
      "count": 3368,
      "wins": 2131,
      "losses": 1237,
      "win_rate": 0.6327197149643705,
      "total_pnl": -95538.0,
      "avg_pnl": -28.366389548693586,
      "median_pnl": 23.0,
      "avg_win": 95.0290943219146,
      "avg_loss": -240.94179466451092,
      "max_drawdown": 99235.0,
      "sharpe": -0.4241858005585886
    },
    "PUT": {
      "count": 3920,
      "wins": 3014,
      "losses": 906,
      "win_rate": 0.7688775510204081,
      "total_pnl": 22840.0,
      "avg_pnl": 5.826530612244898,
      "median_pnl": 56.0,
      "avg_win": 119.72461844724619,
      "avg_loss": -373.0794701986755,
      "max_drawdown": 107136.0,
      "sharpe": 0.06921613996244816
    }
  },
  "by_ticker": {
    "TLT": {
      "count": 1032,
      "wins": 756,
      "losses": 276,
      "win_rate": 0.7325581395348837,
      "total_pnl": 4457.0,
      "avg_pnl": 4.3187984496124034,
      "median_pnl": 33.0,
      "avg_win": 43.9431216931217,
      "avg_loss": -104.21739130434783,
      "max_drawdown": 8917.0,
      "sharpe": 0.20603867880170912
    },
    "DIA": {
      "count": 460,
      "wins": 313,
      "losses": 147,
      "win_rate": 0.6804347826086956,
      "total_pnl": -22429.0,
      "avg_pnl": -48.75869565217391,
      "median_pnl": 127.5,
      "avg_win": 184.43130990415335,
      "avg_loss": -545.2789115646259,
      "max_drawdown": 37412.0,
      "sharpe": -0.4139909891772396
    },
    "SPY": {
      "count": 904,
      "wins": 613,
      "losses": 291,
      "win_rate": 0.6780973451327433,
      "total_pnl": -40454.0,
      "avg_pnl": -44.75,
      "median_pnl": 141.0,
      "avg_win": 201.5872756933116,
      "avg_loss": -563.6666666666666,
      "max_drawdown": 51822.0,
      "sharpe": -0.36888368646211434
    },
    "GLD": {
      "count": 912,
      "wins": 617,
      "losses": 295,
      "win_rate": 0.6765350877192983,
      "total_pnl": -11272.0,
      "avg_pnl": -12.359649122807017,
      "median_pnl": 76.0,
      "avg_win": 116.48298217179902,
      "avg_loss": -281.8372881355932,
      "max_drawdown": 23415.0,
      "sharpe": -0.19900229109002687
    },
    "SLV": {
      "count": 1216,
      "wins": 814,
      "losses": 402,
      "win_rate": 0.6694078947368421,
      "total_pnl": -1219.0,
      "avg_pnl": -1.002467105263158,
      "median_pnl": 11.0,
      "avg_win": 20.668304668304668,
      "avg_loss": -44.88308457711443,
      "max_drawdown": 3579.0,
      "sharpe": -0.08737839257330814
    },
    "HYG": {
      "count": 136,
      "wins": 116,
      "losses": 20,
      "win_rate": 0.8529411764705882,
      "total_pnl": 2500.0,
      "avg_pnl": 18.38235294117647,
      "median_pnl": 30.0,
      "avg_win": 37.28448275862069,
      "avg_loss": -91.25,
      "max_drawdown": 1045.0,
      "sharpe": 1.1677164648115756
    },
    "XLV": {
      "count": 268,
      "wins": 194,
      "losses": 74,
      "win_rate": 0.7238805970149254,
      "total_pnl": 124.0,
      "avg_pnl": 0.4626865671641791,
      "median_pnl": 54.0,
      "avg_win": 66.03092783505154,
      "avg_loss": -171.43243243243242,
      "max_drawdown": 5442.0,
      "sharpe": 0.013277050329191171
    },
    "XLF": {
      "count": 432,
      "wins": 318,
      "losses": 114,
      "win_rate": 0.7361111111111112,
      "total_pnl": 1014.0,
      "avg_pnl": 2.3472222222222223,
      "median_pnl": 19.0,
      "avg_win": 24.09433962264151,
      "avg_loss": -58.31578947368421,
      "max_drawdown": 2638.0,
      "sharpe": 0.19179854311885763
    },
    "IWM": {
      "count": 1032,
      "wins": 758,
      "losses": 274,
      "win_rate": 0.7344961240310077,
      "total_pnl": 11981.0,
      "avg_pnl": 11.609496124031008,
      "median_pnl": 88.5,
      "avg_win": 111.99868073878628,
      "avg_loss": -266.1094890510949,
      "max_drawdown": 8379.0,
      "sharpe": 0.21541549211929548
    },
    "XLE": {
      "count": 8,
      "wins": 8,
      "losses": 0,
      "win_rate": 1.0,
      "total_pnl": 2196.0,
      "avg_pnl": 274.5,
      "median_pnl": 274.5,
      "avg_win": 274.5,
      "avg_loss": 0,
      "max_drawdown": 0.0,
      "sharpe": null
    },
    "QQQ": {
      "count": 888,
      "wins": 638,
      "losses": 250,
      "win_rate": 0.7184684684684685,
      "total_pnl": -19596.0,
      "avg_pnl": -22.06756756756757,
      "median_pnl": 168.5,
      "avg_win": 232.3730407523511,
      "avg_loss": -671.4,
      "max_drawdown": 45961.0,
      "sharpe": -0.16690686936669438
    }
  },
  "by_combination": {
    "CALL_5pct_TP50_SL100": {
      "count": 495,
      "wins": 301,
      "losses": 194,
      "win_rate": 0.6080808080808081,
      "total_pnl": -10812.0,
      "avg_pnl": -21.842424242424244,
      "median_pnl": 15.0,
      "avg_win": 75.29900332225914,
      "avg_loss": -172.56185567010309,
      "max_drawdown": 11097.0,
      "sharpe": -0.4393325829594239
    },
    "CALL_5pct_TP75_SL100": {
      "count": 495,
      "wins": 259,
      "losses": 236,
      "win_rate": 0.5232323232323233,
      "total_pnl": -14843.0,
      "avg_pnl": -29.985858585858587,
      "median_pnl": 11.0,
      "avg_win": 99.08108108108108,
      "avg_loss": -171.63135593220338,
      "max_drawdown": 15128.0,
      "sharpe": -0.5474603560310756
    },
    "CALL_10pct_TP50_SL100": {
      "count": 347,
      "wins": 210,
      "losses": 137,
      "win_rate": 0.6051873198847262,
      "total_pnl": -11343.0,
      "avg_pnl": -32.68876080691643,
      "median_pnl": 20.0,
      "avg_win": 92.83809523809524,
      "avg_loss": -225.1021897810219,
      "max_drawdown": 11908.0,
      "sharpe": -0.5032198842201286
    },
    "CALL_10pct_TP75_SL100": {
      "count": 347,
      "wins": 190,
      "losses": 157,
      "win_rate": 0.547550432276657,
      "total_pnl": -11354.0,
      "avg_pnl": -32.720461095100866,
      "median_pnl": 20.0,
      "avg_win": 122.6,
      "avg_loss": -220.68789808917197,
      "max_drawdown": 11950.0,
      "sharpe": -0.4677168200558817
    },
    "CALL_5pct_TP50_SL200": {
      "count": 495,
      "wins": 359,
      "losses": 136,
      "win_rate": 0.7252525252525253,
      "total_pnl": -11983.0,
      "avg_pnl": -24.20808080808081,
      "median_pnl": 27.0,
      "avg_win": 75.57938718662953,
      "avg_loss": -287.61764705882354,
      "max_drawdown": 13160.0,
      "sharpe": -0.3786285998615683
    },
    "CALL_5pct_TP75_SL200": {
      "count": 495,
      "wins": 323,
      "losses": 172,
      "win_rate": 0.6525252525252525,
      "total_pnl": -15891.0,
      "avg_pnl": -32.1030303030303,
      "median_pnl": 25.0,
      "avg_win": 98.39628482972137,
      "avg_loss": -277.1686046511628,
      "max_drawdown": 17559.0,
      "sharpe": -0.4578332761579576
    },
    "CALL_10pct_TP50_SL200": {
      "count": 347,
      "wins": 256,
      "losses": 91,
      "win_rate": 0.7377521613832853,
      "total_pnl": -8632.0,
      "avg_pnl": -24.876080691642652,
      "median_pnl": 33.0,
      "avg_win": 93.86328125,
      "avg_loss": -358.9120879120879,
      "max_drawdown": 11229.0,
      "sharpe": -0.3152835849567177
    },
    "CALL_10pct_TP75_SL200": {
      "count": 347,
      "wins": 233,
      "losses": 114,
      "win_rate": 0.6714697406340058,
      "total_pnl": -10680.0,
      "avg_pnl": -30.778097982708935,
      "median_pnl": 35.0,
      "avg_win": 122.08583690987125,
      "avg_loss": -343.2105263157895,
      "max_drawdown": 13129.0,
      "sharpe": -0.35549310012518676
    },
    "PUT_5pct_TP50_SL100": {
      "count": 557,
      "wins": 399,
      "losses": 158,
      "win_rate": 0.7163375224416517,
      "total_pnl": -693.0,